instant,dateday,season,year,month,holiday,weekday,workingday,weathersit,casual,registered,count
1,2011-01-01,Panas,0,Januari,0,Sabtu,0,Berkabut/Berawan,331,654,985
2,2011-01-02,Panas,0,Januari,0,Minggu,0,Berkabut/Berawan,131,670,801
3,2011-01-03,Panas,0,Januari,0,Senin,1,Cerah/Sebagian Berawan,120,1229,1349
4,2011-01-04,Panas,0,Januari,0,Selasa,1,Cerah/Sebagian Berawan,108,1454,1562
5,2011-01-05,Panas,0,Januari,0,Rabu,1,Cerah/Sebagian Berawan,82,1518,1600
6,2011-01-06,Panas,0,Januari,0,Kamis,1,Cerah/Sebagian Berawan,88,1518,1606
7,2011-01-07,Panas,0,Januari,0,Jumat,1,Berkabut/Berawan,148,1362,1510
8,2011-01-08,Panas,0,Januari,0,Sabtu,0,Berkabut/Berawan,68,891,959
9,2011-01-09,Panas,0,Januari,0,Minggu,0,Cerah/Sebagian Berawan,54,768,822
10,2011-01-10,Panas,0,Januari,0,Senin,1,Cerah/Sebagian Berawan,41,1280,1321
11,2011-01-11,Panas,0,Januari,0,Selasa,1,Berkabut/Berawan,43,1220,1263
12,2011-01-12,Panas,0,Januari,0,Rabu,1,Cerah/Sebagian Berawan,25,1137,1162
13,2011-01-13,Panas,0,Januari,0,Kamis,1,Cerah/Sebagian Berawan,38,1368,1406
14,2011-01-14,Panas,0,Januari,0,Jumat,1,Cerah/Sebagian Berawan,54,1367,1421
15,2011-01-15,Panas,0,Januari,0,Sabtu,0,Berkabut/Berawan,222,1026,1248
16,2011-01-16,Panas,0,Januari,0,Minggu,0,Cerah/Sebagian Berawan,251,953,1204
17,2011-01-17,Panas,0,Januari,1,Senin,0,Berkabut/Berawan,117,883,1000
18,2011-01-18,Panas,0,Januari,0,Selasa,1,Berkabut/Berawan,9,674,683
19,2011-01-19,Panas,0,Januari,0,Rabu,1,Berkabut/Berawan,78,1572,1650
20,2011-01-20,Panas,0,Januari,0,Kamis,1,Berkabut/Berawan,83,1844,1927
21,2011-01-21,Panas,0,Januari,0,Jumat,1,Cerah/Sebagian Berawan,75,1468,1543
22,2011-01-22,Panas,0,Januari,0,Sabtu,0,Cerah/Sebagian Berawan,93,888,981
23,2011-01-23,Panas,0,Januari,0,Minggu,0,Cerah/Sebagian Berawan,150,836,986
24,2011-01-24,Panas,0,Januari,0,Senin,1,Cerah/Sebagian Berawan,86,1330,1416
25,2011-01-25,Panas,0,Januari,0,Selasa,1,Berkabut/Berawan,186,1799,1985
26,2011-01-26,Panas,0,Januari,0,Rabu,1,Salju Ringan/Hujan,34,472,506
27,2011-01-27,Panas,0,Januari,0,Kamis,1,Cerah/Sebagian Berawan,15,416,431
28,2011-01-28,Panas,0,Januari,0,Jumat,1,Berkabut/Berawan,38,1129,1167
29,2011-01-29,Panas,0,Januari,0,Sabtu,0,Cerah/Sebagian Berawan,123,975,1098
30,2011-01-30,Panas,0,Januari,0,Minggu,0,Cerah/Sebagian Berawan,140,956,1096
31,2011-01-31,Panas,0,Januari,0,Senin,1,Berkabut/Berawan,42,1459,1501
32,2011-02-01,Panas,0,Februari,0,Selasa,1,Berkabut/Berawan,47,1313,1360
33,2011-02-02,Panas,0,Februari,0,Rabu,1,Berkabut/Berawan,72,1454,1526
34,2011-02-03,Panas,0,Februari,0,Kamis,1,Cerah/Sebagian Berawan,61,1489,1550
35,2011-02-04,Panas,0,Februari,0,Jumat,1,Berkabut/Berawan,88,1620,1708
36,2011-02-05,Panas,0,Februari,0,Sabtu,0,Berkabut/Berawan,100,905,1005
37,2011-02-06,Panas,0,Februari,0,Minggu,0,Cerah/Sebagian Berawan,354,1269,1623
38,2011-02-07,Panas,0,Februari,0,Senin,1,Cerah/Sebagian Berawan,120,1592,1712
39,2011-02-08,Panas,0,Februari,0,Selasa,1,Cerah/Sebagian Berawan,64,1466,1530
40,2011-02-09,Panas,0,Februari,0,Rabu,1,Berkabut/Berawan,53,1552,1605
41,2011-02-10,Panas,0,Februari,0,Kamis,1,Cerah/Sebagian Berawan,47,1491,1538
42,2011-02-11,Panas,0,Februari,0,Jumat,1,Cerah/Sebagian Berawan,149,1597,1746
43,2011-02-12,Panas,0,Februari,0,Sabtu,0,Cerah/Sebagian Berawan,288,1184,1472
44,2011-02-13,Panas,0,Februari,0,Minggu,0,Cerah/Sebagian Berawan,397,1192,1589
45,2011-02-14,Panas,0,Februari,0,Senin,1,Cerah/Sebagian Berawan,208,1705,1913
46,2011-02-15,Panas,0,Februari,0,Selasa,1,Cerah/Sebagian Berawan,140,1675,1815
47,2011-02-16,Panas,0,Februari,0,Rabu,1,Cerah/Sebagian Berawan,218,1897,2115
48,2011-02-17,Panas,0,Februari,0,Kamis,1,Cerah/Sebagian Berawan,259,2216,2475
49,2011-02-18,Panas,0,Februari,0,Jumat,1,Cerah/Sebagian Berawan,579,2348,2927
50,2011-02-19,Panas,0,Februari,0,Sabtu,0,Cerah/Sebagian Berawan,532,1103,1635
51,2011-02-20,Panas,0,Februari,0,Minggu,0,Cerah/Sebagian Berawan,639,1173,1812
52,2011-02-21,Panas,0,Februari,1,Senin,0,Berkabut/Berawan,195,912,1107
53,2011-02-22,Panas,0,Februari,0,Selasa,1,Cerah/Sebagian Berawan,74,1376,1450
54,2011-02-23,Panas,0,Februari,0,Rabu,1,Cerah/Sebagian Berawan,139,1778,1917
55,2011-02-24,Panas,0,Februari,0,Kamis,1,Berkabut/Berawan,100,1707,1807
56,2011-02-25,Panas,0,Februari,0,Jumat,1,Berkabut/Berawan,120,1341,1461
57,2011-02-26,Panas,0,Februari,0,Sabtu,0,Cerah/Sebagian Berawan,424,1545,1969
58,2011-02-27,Panas,0,Februari,0,Minggu,0,Cerah/Sebagian Berawan,694,1708,2402
59,2011-02-28,Panas,0,Februari,0,Senin,1,Berkabut/Berawan,81,1365,1446
60,2011-03-01,Panas,0,Maret,0,Selasa,1,Cerah/Sebagian Berawan,137,1714,1851
61,2011-03-02,Panas,0,Maret,0,Rabu,1,Cerah/Sebagian Berawan,231,1903,2134
62,2011-03-03,Panas,0,Maret,0,Kamis,1,Cerah/Sebagian Berawan,123,1562,1685
63,2011-03-04,Panas,0,Maret,0,Jumat,1,Berkabut/Berawan,214,1730,1944
64,2011-03-05,Panas,0,Maret,0,Sabtu,0,Berkabut/Berawan,640,1437,2077
65,2011-03-06,Panas,0,Maret,0,Minggu,0,Berkabut/Berawan,114,491,605
66,2011-03-07,Panas,0,Maret,0,Senin,1,Cerah/Sebagian Berawan,244,1628,1872
67,2011-03-08,Panas,0,Maret,0,Selasa,1,Cerah/Sebagian Berawan,316,1817,2133
68,2011-03-09,Panas,0,Maret,0,Rabu,1,Berkabut/Berawan,191,1700,1891
69,2011-03-10,Panas,0,Maret,0,Kamis,1,Salju Ringan/Hujan,46,577,623
70,2011-03-11,Panas,0,Maret,0,Jumat,1,Berkabut/Berawan,247,1730,1977
71,2011-03-12,Panas,0,Maret,0,Sabtu,0,Cerah/Sebagian Berawan,724,1408,2132
72,2011-03-13,Panas,0,Maret,0,Minggu,0,Cerah/Sebagian Berawan,982,1435,2417
73,2011-03-14,Panas,0,Maret,0,Senin,1,Cerah/Sebagian Berawan,359,1687,2046
74,2011-03-15,Panas,0,Maret,0,Selasa,1,Berkabut/Berawan,289,1767,2056
75,2011-03-16,Panas,0,Maret,0,Rabu,1,Berkabut/Berawan,321,1871,2192
76,2011-03-17,Panas,0,Maret,0,Kamis,1,Cerah/Sebagian Berawan,424,2320,2744
77,2011-03-18,Panas,0,Maret,0,Jumat,1,Cerah/Sebagian Berawan,884,2355,3239
78,2011-03-19,Panas,0,Maret,0,Sabtu,0,Cerah/Sebagian Berawan,1424,1693,3117
79,2011-03-20,Panas,0,Maret,0,Minggu,0,Cerah/Sebagian Berawan,1047,1424,2471
80,2011-03-21,Semi,0,Maret,0,Senin,1,Berkabut/Berawan,401,1676,2077
81,2011-03-22,Semi,0,Maret,0,Selasa,1,Cerah/Sebagian Berawan,460,2243,2703
82,2011-03-23,Semi,0,Maret,0,Rabu,1,Berkabut/Berawan,203,1918,2121
83,2011-03-24,Semi,0,Maret,0,Kamis,1,Berkabut/Berawan,166,1699,1865
84,2011-03-25,Semi,0,Maret,0,Jumat,1,Cerah/Sebagian Berawan,300,1910,2210
85,2011-03-26,Semi,0,Maret,0,Sabtu,0,Cerah/Sebagian Berawan,981,1515,2496
86,2011-03-27,Semi,0,Maret,0,Minggu,0,Berkabut/Berawan,472,1221,1693
87,2011-03-28,Semi,0,Maret,0,Senin,1,Cerah/Sebagian Berawan,222,1806,2028
88,2011-03-29,Semi,0,Maret,0,Selasa,1,Cerah/Sebagian Berawan,317,2108,2425
89,2011-03-30,Semi,0,Maret,0,Rabu,1,Berkabut/Berawan,168,1368,1536
90,2011-03-31,Semi,0,Maret,0,Kamis,1,Salju Ringan/Hujan,179,1506,1685
91,2011-04-01,Semi,0,April,0,Jumat,1,Berkabut/Berawan,307,1920,2227
92,2011-04-02,Semi,0,April,0,Sabtu,0,Berkabut/Berawan,898,1354,2252
93,2011-04-03,Semi,0,April,0,Minggu,0,Cerah/Sebagian Berawan,1651,1598,3249
94,2011-04-04,Semi,0,April,0,Senin,1,Cerah/Sebagian Berawan,734,2381,3115
95,2011-04-05,Semi,0,April,0,Selasa,1,Berkabut/Berawan,167,1628,1795
96,2011-04-06,Semi,0,April,0,Rabu,1,Cerah/Sebagian Berawan,413,2395,2808
97,2011-04-07,Semi,0,April,0,Kamis,1,Cerah/Sebagian Berawan,571,2570,3141
98,2011-04-08,Semi,0,April,0,Jumat,1,Berkabut/Berawan,172,1299,1471
99,2011-04-09,Semi,0,April,0,Sabtu,0,Berkabut/Berawan,879,1576,2455
100,2011-04-10,Semi,0,April,0,Minggu,0,Berkabut/Berawan,1188,1707,2895
101,2011-04-11,Semi,0,April,0,Senin,1,Berkabut/Berawan,855,2493,3348
102,2011-04-12,Semi,0,April,0,Selasa,1,Berkabut/Berawan,257,1777,2034
103,2011-04-13,Semi,0,April,0,Rabu,1,Berkabut/Berawan,209,1953,2162
104,2011-04-14,Semi,0,April,0,Kamis,1,Cerah/Sebagian Berawan,529,2738,3267
105,2011-04-15,Semi,0,April,1,Jumat,0,Cerah/Sebagian Berawan,642,2484,3126
106,2011-04-16,Semi,0,April,0,Sabtu,0,Salju Ringan/Hujan,121,674,795
107,2011-04-17,Semi,0,April,0,Minggu,0,Cerah/Sebagian Berawan,1558,2186,3744
108,2011-04-18,Semi,0,April,0,Senin,1,Cerah/Sebagian Berawan,669,2760,3429
109,2011-04-19,Semi,0,April,0,Selasa,1,Berkabut/Berawan,409,2795,3204
110,2011-04-20,Semi,0,April,0,Rabu,1,Cerah/Sebagian Berawan,613,3331,3944
111,2011-04-21,Semi,0,April,0,Kamis,1,Cerah/Sebagian Berawan,745,3444,4189
112,2011-04-22,Semi,0,April,0,Jumat,1,Berkabut/Berawan,177,1506,1683
113,2011-04-23,Semi,0,April,0,Sabtu,0,Berkabut/Berawan,1462,2574,4036
114,2011-04-24,Semi,0,April,0,Minggu,0,Berkabut/Berawan,1710,2481,4191
115,2011-04-25,Semi,0,April,0,Senin,1,Cerah/Sebagian Berawan,773,3300,4073
116,2011-04-26,Semi,0,April,0,Selasa,1,Cerah/Sebagian Berawan,678,3722,4400
117,2011-04-27,Semi,0,April,0,Rabu,1,Berkabut/Berawan,547,3325,3872
118,2011-04-28,Semi,0,April,0,Kamis,1,Berkabut/Berawan,569,3489,4058
119,2011-04-29,Semi,0,April,0,Jumat,1,Cerah/Sebagian Berawan,878,3717,4595
120,2011-04-30,Semi,0,April,0,Sabtu,0,Cerah/Sebagian Berawan,1965,3347,5312
121,2011-05-01,Semi,0,Mei,0,Minggu,0,Berkabut/Berawan,1138,2213,3351
122,2011-05-02,Semi,0,Mei,0,Senin,1,Berkabut/Berawan,847,3554,4401
123,2011-05-03,Semi,0,Mei,0,Selasa,1,Berkabut/Berawan,603,3848,4451
124,2011-05-04,Semi,0,Mei,0,Rabu,1,Berkabut/Berawan,255,2378,2633
125,2011-05-05,Semi,0,Mei,0,Kamis,1,Cerah/Sebagian Berawan,614,3819,4433
126,2011-05-06,Semi,0,Mei,0,Jumat,1,Cerah/Sebagian Berawan,894,3714,4608
127,2011-05-07,Semi,0,Mei,0,Sabtu,0,Cerah/Sebagian Berawan,1612,3102,4714
128,2011-05-08,Semi,0,Mei,0,Minggu,0,Cerah/Sebagian Berawan,1401,2932,4333
129,2011-05-09,Semi,0,Mei,0,Senin,1,Cerah/Sebagian Berawan,664,3698,4362
130,2011-05-10,Semi,0,Mei,0,Selasa,1,Cerah/Sebagian Berawan,694,4109,4803
131,2011-05-11,Semi,0,Mei,0,Rabu,1,Cerah/Sebagian Berawan,550,3632,4182
132,2011-05-12,Semi,0,Mei,0,Kamis,1,Cerah/Sebagian Berawan,695,4169,4864
133,2011-05-13,Semi,0,Mei,0,Jumat,1,Berkabut/Berawan,692,3413,4105
134,2011-05-14,Semi,0,Mei,0,Sabtu,0,Berkabut/Berawan,902,2507,3409
135,2011-05-15,Semi,0,Mei,0,Minggu,0,Berkabut/Berawan,1582,2971,4553
136,2011-05-16,Semi,0,Mei,0,Senin,1,Cerah/Sebagian Berawan,773,3185,3958
137,2011-05-17,Semi,0,Mei,0,Selasa,1,Berkabut/Berawan,678,3445,4123
138,2011-05-18,Semi,0,Mei,0,Rabu,1,Berkabut/Berawan,536,3319,3855
139,2011-05-19,Semi,0,Mei,0,Kamis,1,Berkabut/Berawan,735,3840,4575
140,2011-05-20,Semi,0,Mei,0,Jumat,1,Cerah/Sebagian Berawan,909,4008,4917
141,2011-05-21,Semi,0,Mei,0,Sabtu,0,Cerah/Sebagian Berawan,2258,3547,5805
142,2011-05-22,Semi,0,Mei,0,Minggu,0,Cerah/Sebagian Berawan,1576,3084,4660
143,2011-05-23,Semi,0,Mei,0,Senin,1,Berkabut/Berawan,836,3438,4274
144,2011-05-24,Semi,0,Mei,0,Selasa,1,Berkabut/Berawan,659,3833,4492
145,2011-05-25,Semi,0,Mei,0,Rabu,1,Cerah/Sebagian Berawan,740,4238,4978
146,2011-05-26,Semi,0,Mei,0,Kamis,1,Cerah/Sebagian Berawan,758,3919,4677
147,2011-05-27,Semi,0,Mei,0,Jumat,1,Cerah/Sebagian Berawan,871,3808,4679
148,2011-05-28,Semi,0,Mei,0,Sabtu,0,Cerah/Sebagian Berawan,2001,2757,4758
149,2011-05-29,Semi,0,Mei,0,Minggu,0,Cerah/Sebagian Berawan,2355,2433,4788
150,2011-05-30,Semi,0,Mei,1,Senin,0,Cerah/Sebagian Berawan,1549,2549,4098
151,2011-05-31,Semi,0,Mei,0,Selasa,1,Cerah/Sebagian Berawan,673,3309,3982
152,2011-06-01,Semi,0,Juni,0,Rabu,1,Berkabut/Berawan,513,3461,3974
153,2011-06-02,Semi,0,Juni,0,Kamis,1,Cerah/Sebagian Berawan,736,4232,4968
154,2011-06-03,Semi,0,Juni,0,Jumat,1,Cerah/Sebagian Berawan,898,4414,5312
155,2011-06-04,Semi,0,Juni,0,Sabtu,0,Cerah/Sebagian Berawan,1869,3473,5342
156,2011-06-05,Semi,0,Juni,0,Minggu,0,Berkabut/Berawan,1685,3221,4906
157,2011-06-06,Semi,0,Juni,0,Senin,1,Cerah/Sebagian Berawan,673,3875,4548
158,2011-06-07,Semi,0,Juni,0,Selasa,1,Cerah/Sebagian Berawan,763,4070,4833
159,2011-06-08,Semi,0,Juni,0,Rabu,1,Cerah/Sebagian Berawan,676,3725,4401
160,2011-06-09,Semi,0,Juni,0,Kamis,1,Berkabut/Berawan,563,3352,3915
161,2011-06-10,Semi,0,Juni,0,Jumat,1,Cerah/Sebagian Berawan,815,3771,4586
162,2011-06-11,Semi,0,Juni,0,Sabtu,0,Cerah/Sebagian Berawan,1729,3237,4966
163,2011-06-12,Semi,0,Juni,0,Minggu,0,Cerah/Sebagian Berawan,1467,2993,4460
164,2011-06-13,Semi,0,Juni,0,Senin,1,Cerah/Sebagian Berawan,863,4157,5020
165,2011-06-14,Semi,0,Juni,0,Selasa,1,Cerah/Sebagian Berawan,727,4164,4891
166,2011-06-15,Semi,0,Juni,0,Rabu,1,Cerah/Sebagian Berawan,769,4411,5180
167,2011-06-16,Semi,0,Juni,0,Kamis,1,Berkabut/Berawan,545,3222,3767
168,2011-06-17,Semi,0,Juni,0,Jumat,1,Cerah/Sebagian Berawan,863,3981,4844
169,2011-06-18,Semi,0,Juni,0,Sabtu,0,Cerah/Sebagian Berawan,1807,3312,5119
170,2011-06-19,Semi,0,Juni,0,Minggu,0,Berkabut/Berawan,1639,3105,4744
171,2011-06-20,Semi,0,Juni,0,Senin,1,Berkabut/Berawan,699,3311,4010
172,2011-06-21,Gugur,0,Juni,0,Selasa,1,Berkabut/Berawan,774,4061,4835
173,2011-06-22,Gugur,0,Juni,0,Rabu,1,Cerah/Sebagian Berawan,661,3846,4507
174,2011-06-23,Gugur,0,Juni,0,Kamis,1,Berkabut/Berawan,746,4044,4790
175,2011-06-24,Gugur,0,Juni,0,Jumat,1,Cerah/Sebagian Berawan,969,4022,4991
176,2011-06-25,Gugur,0,Juni,0,Sabtu,0,Cerah/Sebagian Berawan,1782,3420,5202
177,2011-06-26,Gugur,0,Juni,0,Minggu,0,Cerah/Sebagian Berawan,1920,3385,5305
178,2011-06-27,Gugur,0,Juni,0,Senin,1,Berkabut/Berawan,854,3854,4708
179,2011-06-28,Gugur,0,Juni,0,Selasa,1,Cerah/Sebagian Berawan,732,3916,4648
180,2011-06-29,Gugur,0,Juni,0,Rabu,1,Cerah/Sebagian Berawan,848,4377,5225
181,2011-06-30,Gugur,0,Juni,0,Kamis,1,Cerah/Sebagian Berawan,1027,4488,5515
182,2011-07-01,Gugur,0,Juli,0,Jumat,1,Cerah/Sebagian Berawan,1246,4116,5362
183,2011-07-02,Gugur,0,Juli,0,Sabtu,0,Cerah/Sebagian Berawan,2204,2915,5119
184,2011-07-03,Gugur,0,Juli,0,Minggu,0,Berkabut/Berawan,2282,2367,4649
185,2011-07-04,Gugur,0,Juli,1,Senin,0,Berkabut/Berawan,3065,2978,6043
186,2011-07-05,Gugur,0,Juli,0,Selasa,1,Cerah/Sebagian Berawan,1031,3634,4665
187,2011-07-06,Gugur,0,Juli,0,Rabu,1,Cerah/Sebagian Berawan,784,3845,4629
188,2011-07-07,Gugur,0,Juli,0,Kamis,1,Cerah/Sebagian Berawan,754,3838,4592
189,2011-07-08,Gugur,0,Juli,0,Jumat,1,Berkabut/Berawan,692,3348,4040
190,2011-07-09,Gugur,0,Juli,0,Sabtu,0,Cerah/Sebagian Berawan,1988,3348,5336
191,2011-07-10,Gugur,0,Juli,0,Minggu,0,Cerah/Sebagian Berawan,1743,3138,4881
192,2011-07-11,Gugur,0,Juli,0,Senin,1,Cerah/Sebagian Berawan,723,3363,4086
193,2011-07-12,Gugur,0,Juli,0,Selasa,1,Cerah/Sebagian Berawan,662,3596,4258
194,2011-07-13,Gugur,0,Juli,0,Rabu,1,Cerah/Sebagian Berawan,748,3594,4342
195,2011-07-14,Gugur,0,Juli,0,Kamis,1,Cerah/Sebagian Berawan,888,4196,5084
196,2011-07-15,Gugur,0,Juli,0,Jumat,1,Cerah/Sebagian Berawan,1318,4220,5538
197,2011-07-16,Gugur,0,Juli,0,Sabtu,0,Cerah/Sebagian Berawan,2418,3505,5923
198,2011-07-17,Gugur,0,Juli,0,Minggu,0,Cerah/Sebagian Berawan,2006,3296,5302
199,2011-07-18,Gugur,0,Juli,0,Senin,1,Cerah/Sebagian Berawan,841,3617,4458
200,2011-07-19,Gugur,0,Juli,0,Selasa,1,Cerah/Sebagian Berawan,752,3789,4541
201,2011-07-20,Gugur,0,Juli,0,Rabu,1,Cerah/Sebagian Berawan,644,3688,4332
202,2011-07-21,Gugur,0,Juli,0,Kamis,1,Berkabut/Berawan,632,3152,3784
203,2011-07-22,Gugur,0,Juli,0,Jumat,1,Cerah/Sebagian Berawan,562,2825,3387
204,2011-07-23,Gugur,0,Juli,0,Sabtu,0,Cerah/Sebagian Berawan,987,2298,3285
205,2011-07-24,Gugur,0,Juli,0,Minggu,0,Cerah/Sebagian Berawan,1050,2556,3606
206,2011-07-25,Gugur,0,Juli,0,Senin,1,Cerah/Sebagian Berawan,568,3272,3840
207,2011-07-26,Gugur,0,Juli,0,Selasa,1,Cerah/Sebagian Berawan,750,3840,4590
208,2011-07-27,Gugur,0,Juli,0,Rabu,1,Cerah/Sebagian Berawan,755,3901,4656
209,2011-07-28,Gugur,0,Juli,0,Kamis,1,Cerah/Sebagian Berawan,606,3784,4390
210,2011-07-29,Gugur,0,Juli,0,Jumat,1,Cerah/Sebagian Berawan,670,3176,3846
211,2011-07-30,Gugur,0,Juli,0,Sabtu,0,Cerah/Sebagian Berawan,1559,2916,4475
212,2011-07-31,Gugur,0,Juli,0,Minggu,0,Cerah/Sebagian Berawan,1524,2778,4302
213,2011-08-01,Gugur,0,Agustus,0,Senin,1,Cerah/Sebagian Berawan,729,3537,4266
214,2011-08-02,Gugur,0,Agustus,0,Selasa,1,Cerah/Sebagian Berawan,801,4044,4845
215,2011-08-03,Gugur,0,Agustus,0,Rabu,1,Berkabut/Berawan,467,3107,3574
216,2011-08-04,Gugur,0,Agustus,0,Kamis,1,Berkabut/Berawan,799,3777,4576
217,2011-08-05,Gugur,0,Agustus,0,Jumat,1,Cerah/Sebagian Berawan,1023,3843,4866
218,2011-08-06,Gugur,0,Agustus,0,Sabtu,0,Berkabut/Berawan,1521,2773,4294
219,2011-08-07,Gugur,0,Agustus,0,Minggu,0,Cerah/Sebagian Berawan,1298,2487,3785
220,2011-08-08,Gugur,0,Agustus,0,Senin,1,Cerah/Sebagian Berawan,846,3480,4326
221,2011-08-09,Gugur,0,Agustus,0,Selasa,1,Cerah/Sebagian Berawan,907,3695,4602
222,2011-08-10,Gugur,0,Agustus,0,Rabu,1,Cerah/Sebagian Berawan,884,3896,4780
223,2011-08-11,Gugur,0,Agustus,0,Kamis,1,Cerah/Sebagian Berawan,812,3980,4792
224,2011-08-12,Gugur,0,Agustus,0,Jumat,1,Cerah/Sebagian Berawan,1051,3854,4905
225,2011-08-13,Gugur,0,Agustus,0,Sabtu,0,Berkabut/Berawan,1504,2646,4150
226,2011-08-14,Gugur,0,Agustus,0,Minggu,0,Berkabut/Berawan,1338,2482,3820
227,2011-08-15,Gugur,0,Agustus,0,Senin,1,Cerah/Sebagian Berawan,775,3563,4338
228,2011-08-16,Gugur,0,Agustus,0,Selasa,1,Cerah/Sebagian Berawan,721,4004,4725
229,2011-08-17,Gugur,0,Agustus,0,Rabu,1,Cerah/Sebagian Berawan,668,4026,4694
230,2011-08-18,Gugur,0,Agustus,0,Kamis,1,Cerah/Sebagian Berawan,639,3166,3805
231,2011-08-19,Gugur,0,Agustus,0,Jumat,1,Berkabut/Berawan,797,3356,4153
232,2011-08-20,Gugur,0,Agustus,0,Sabtu,0,Cerah/Sebagian Berawan,1914,3277,5191
233,2011-08-21,Gugur,0,Agustus,0,Minggu,0,Cerah/Sebagian Berawan,1249,2624,3873
234,2011-08-22,Gugur,0,Agustus,0,Senin,1,Cerah/Sebagian Berawan,833,3925,4758
235,2011-08-23,Gugur,0,Agustus,0,Selasa,1,Cerah/Sebagian Berawan,1281,4614,5895
236,2011-08-24,Gugur,0,Agustus,0,Rabu,1,Cerah/Sebagian Berawan,949,4181,5130
237,2011-08-25,Gugur,0,Agustus,0,Kamis,1,Berkabut/Berawan,435,3107,3542
238,2011-08-26,Gugur,0,Agustus,0,Jumat,1,Cerah/Sebagian Berawan,768,3893,4661
239,2011-08-27,Gugur,0,Agustus,0,Sabtu,0,Berkabut/Berawan,226,889,1115
240,2011-08-28,Gugur,0,Agustus,0,Minggu,0,Cerah/Sebagian Berawan,1415,2919,4334
241,2011-08-29,Gugur,0,Agustus,0,Senin,1,Cerah/Sebagian Berawan,729,3905,4634
242,2011-08-30,Gugur,0,Agustus,0,Selasa,1,Cerah/Sebagian Berawan,775,4429,5204
243,2011-08-31,Gugur,0,Agustus,0,Rabu,1,Cerah/Sebagian Berawan,688,4370,5058
244,2011-09-01,Gugur,0,September,0,Kamis,1,Cerah/Sebagian Berawan,783,4332,5115
245,2011-09-02,Gugur,0,September,0,Jumat,1,Berkabut/Berawan,875,3852,4727
246,2011-09-03,Gugur,0,September,0,Sabtu,0,Cerah/Sebagian Berawan,1935,2549,4484
247,2011-09-04,Gugur,0,September,0,Minggu,0,Cerah/Sebagian Berawan,2521,2419,4940
248,2011-09-05,Gugur,0,September,1,Senin,0,Berkabut/Berawan,1236,2115,3351
249,2011-09-06,Gugur,0,September,0,Selasa,1,Salju Ringan/Hujan,204,2506,2710
250,2011-09-07,Gugur,0,September,0,Rabu,1,Salju Ringan/Hujan,118,1878,1996
251,2011-09-08,Gugur,0,September,0,Kamis,1,Salju Ringan/Hujan,153,1689,1842
252,2011-09-09,Gugur,0,September,0,Jumat,1,Berkabut/Berawan,417,3127,3544
253,2011-09-10,Gugur,0,September,0,Sabtu,0,Cerah/Sebagian Berawan,1750,3595,5345
254,2011-09-11,Gugur,0,September,0,Minggu,0,Cerah/Sebagian Berawan,1633,3413,5046
255,2011-09-12,Gugur,0,September,0,Senin,1,Cerah/Sebagian Berawan,690,4023,4713
256,2011-09-13,Gugur,0,September,0,Selasa,1,Cerah/Sebagian Berawan,701,4062,4763
257,2011-09-14,Gugur,0,September,0,Rabu,1,Cerah/Sebagian Berawan,647,4138,4785
258,2011-09-15,Gugur,0,September,0,Kamis,1,Berkabut/Berawan,428,3231,3659
259,2011-09-16,Gugur,0,September,0,Jumat,1,Berkabut/Berawan,742,4018,4760
260,2011-09-17,Gugur,0,September,0,Sabtu,0,Berkabut/Berawan,1434,3077,4511
261,2011-09-18,Gugur,0,September,0,Minggu,0,Cerah/Sebagian Berawan,1353,2921,4274
262,2011-09-19,Gugur,0,September,0,Senin,1,Berkabut/Berawan,691,3848,4539
263,2011-09-20,Gugur,0,September,0,Selasa,1,Berkabut/Berawan,438,3203,3641
264,2011-09-21,Gugur,0,September,0,Rabu,1,Berkabut/Berawan,539,3813,4352
265,2011-09-22,Gugur,0,September,0,Kamis,1,Berkabut/Berawan,555,4240,4795
266,2011-09-23,Dingin,0,September,0,Jumat,1,Berkabut/Berawan,258,2137,2395
267,2011-09-24,Dingin,0,September,0,Sabtu,0,Berkabut/Berawan,1776,3647,5423
268,2011-09-25,Dingin,0,September,0,Minggu,0,Berkabut/Berawan,1544,3466,5010
269,2011-09-26,Dingin,0,September,0,Senin,1,Berkabut/Berawan,684,3946,4630
270,2011-09-27,Dingin,0,September,0,Selasa,1,Berkabut/Berawan,477,3643,4120
271,2011-09-28,Dingin,0,September,0,Rabu,1,Berkabut/Berawan,480,3427,3907
272,2011-09-29,Dingin,0,September,0,Kamis,1,Cerah/Sebagian Berawan,653,4186,4839
273,2011-09-30,Dingin,0,September,0,Jumat,1,Cerah/Sebagian Berawan,830,4372,5202
274,2011-10-01,Dingin,0,Oktober,0,Sabtu,0,Berkabut/Berawan,480,1949,2429
275,2011-10-02,Dingin,0,Oktober,0,Minggu,0,Berkabut/Berawan,616,2302,2918
276,2011-10-03,Dingin,0,Oktober,0,Senin,1,Berkabut/Berawan,330,3240,3570
277,2011-10-04,Dingin,0,Oktober,0,Selasa,1,Cerah/Sebagian Berawan,486,3970,4456
278,2011-10-05,Dingin,0,Oktober,0,Rabu,1,Cerah/Sebagian Berawan,559,4267,4826
279,2011-10-06,Dingin,0,Oktober,0,Kamis,1,Cerah/Sebagian Berawan,639,4126,4765
280,2011-10-07,Dingin,0,Oktober,0,Jumat,1,Cerah/Sebagian Berawan,949,4036,4985
281,2011-10-08,Dingin,0,Oktober,0,Sabtu,0,Cerah/Sebagian Berawan,2235,3174,5409
282,2011-10-09,Dingin,0,Oktober,0,Minggu,0,Cerah/Sebagian Berawan,2397,3114,5511
283,2011-10-10,Dingin,0,Oktober,1,Senin,0,Cerah/Sebagian Berawan,1514,3603,5117
284,2011-10-11,Dingin,0,Oktober,0,Selasa,1,Berkabut/Berawan,667,3896,4563
285,2011-10-12,Dingin,0,Oktober,0,Rabu,1,Salju Ringan/Hujan,217,2199,2416
286,2011-10-13,Dingin,0,Oktober,0,Kamis,1,Berkabut/Berawan,290,2623,2913
287,2011-10-14,Dingin,0,Oktober,0,Jumat,1,Berkabut/Berawan,529,3115,3644
288,2011-10-15,Dingin,0,Oktober,0,Sabtu,0,Cerah/Sebagian Berawan,1899,3318,5217
289,2011-10-16,Dingin,0,Oktober,0,Minggu,0,Cerah/Sebagian Berawan,1748,3293,5041
290,2011-10-17,Dingin,0,Oktober,0,Senin,1,Cerah/Sebagian Berawan,713,3857,4570
291,2011-10-18,Dingin,0,Oktober,0,Selasa,1,Berkabut/Berawan,637,4111,4748
292,2011-10-19,Dingin,0,Oktober,0,Rabu,1,Salju Ringan/Hujan,254,2170,2424
293,2011-10-20,Dingin,0,Oktober,0,Kamis,1,Cerah/Sebagian Berawan,471,3724,4195
294,2011-10-21,Dingin,0,Oktober,0,Jumat,1,Cerah/Sebagian Berawan,676,3628,4304
295,2011-10-22,Dingin,0,Oktober,0,Sabtu,0,Cerah/Sebagian Berawan,1499,2809,4308
296,2011-10-23,Dingin,0,Oktober,0,Minggu,0,Cerah/Sebagian Berawan,1619,2762,4381
297,2011-10-24,Dingin,0,Oktober,0,Senin,1,Cerah/Sebagian Berawan,699,3488,4187
298,2011-10-25,Dingin,0,Oktober,0,Selasa,1,Cerah/Sebagian Berawan,695,3992,4687
299,2011-10-26,Dingin,0,Oktober,0,Rabu,1,Berkabut/Berawan,404,3490,3894
300,2011-10-27,Dingin,0,Oktober,0,Kamis,1,Berkabut/Berawan,240,2419,2659
301,2011-10-28,Dingin,0,Oktober,0,Jumat,1,Berkabut/Berawan,456,3291,3747
302,2011-10-29,Dingin,0,Oktober,0,Sabtu,0,Salju Ringan/Hujan,57,570,627
303,2011-10-30,Dingin,0,Oktober,0,Minggu,0,Cerah/Sebagian Berawan,885,2446,3331
304,2011-10-31,Dingin,0,Oktober,0,Senin,1,Cerah/Sebagian Berawan,362,3307,3669
305,2011-11-01,Dingin,0,November,0,Selasa,1,Cerah/Sebagian Berawan,410,3658,4068
306,2011-11-02,Dingin,0,November,0,Rabu,1,Cerah/Sebagian Berawan,370,3816,4186
307,2011-11-03,Dingin,0,November,0,Kamis,1,Cerah/Sebagian Berawan,318,3656,3974
308,2011-11-04,Dingin,0,November,0,Jumat,1,Berkabut/Berawan,470,3576,4046
309,2011-11-05,Dingin,0,November,0,Sabtu,0,Cerah/Sebagian Berawan,1156,2770,3926
310,2011-11-06,Dingin,0,November,0,Minggu,0,Cerah/Sebagian Berawan,952,2697,3649
311,2011-11-07,Dingin,0,November,0,Senin,1,Cerah/Sebagian Berawan,373,3662,4035
312,2011-11-08,Dingin,0,November,0,Selasa,1,Cerah/Sebagian Berawan,376,3829,4205
313,2011-11-09,Dingin,0,November,0,Rabu,1,Cerah/Sebagian Berawan,305,3804,4109
314,2011-11-10,Dingin,0,November,0,Kamis,1,Berkabut/Berawan,190,2743,2933
315,2011-11-11,Dingin,0,November,1,Jumat,0,Cerah/Sebagian Berawan,440,2928,3368
316,2011-11-12,Dingin,0,November,0,Sabtu,0,Cerah/Sebagian Berawan,1275,2792,4067
317,2011-11-13,Dingin,0,November,0,Minggu,0,Cerah/Sebagian Berawan,1004,2713,3717
318,2011-11-14,Dingin,0,November,0,Senin,1,Cerah/Sebagian Berawan,595,3891,4486
319,2011-11-15,Dingin,0,November,0,Selasa,1,Berkabut/Berawan,449,3746,4195
320,2011-11-16,Dingin,0,November,0,Rabu,1,Salju Ringan/Hujan,145,1672,1817
321,2011-11-17,Dingin,0,November,0,Kamis,1,Berkabut/Berawan,139,2914,3053
322,2011-11-18,Dingin,0,November,0,Jumat,1,Cerah/Sebagian Berawan,245,3147,3392
323,2011-11-19,Dingin,0,November,0,Sabtu,0,Cerah/Sebagian Berawan,943,2720,3663
324,2011-11-20,Dingin,0,November,0,Minggu,0,Berkabut/Berawan,787,2733,3520
325,2011-11-21,Dingin,0,November,0,Senin,1,Salju Ringan/Hujan,220,2545,2765
326,2011-11-22,Dingin,0,November,0,Selasa,1,Salju Ringan/Hujan,69,1538,1607
327,2011-11-23,Dingin,0,November,0,Rabu,1,Berkabut/Berawan,112,2454,2566
328,2011-11-24,Dingin,0,November,1,Kamis,0,Cerah/Sebagian Berawan,560,935,1495
329,2011-11-25,Dingin,0,November,0,Jumat,1,Cerah/Sebagian Berawan,1095,1697,2792
330,2011-11-26,Dingin,0,November,0,Sabtu,0,Cerah/Sebagian Berawan,1249,1819,3068
331,2011-11-27,Dingin,0,November,0,Minggu,0,Cerah/Sebagian Berawan,810,2261,3071
332,2011-11-28,Dingin,0,November,0,Senin,1,Cerah/Sebagian Berawan,253,3614,3867
333,2011-11-29,Dingin,0,November,0,Selasa,1,Berkabut/Berawan,96,2818,2914
334,2011-11-30,Dingin,0,November,0,Rabu,1,Cerah/Sebagian Berawan,188,3425,3613
335,2011-12-01,Dingin,0,Desember,0,Kamis,1,Cerah/Sebagian Berawan,182,3545,3727
336,2011-12-02,Dingin,0,Desember,0,Jumat,1,Cerah/Sebagian Berawan,268,3672,3940
337,2011-12-03,Dingin,0,Desember,0,Sabtu,0,Cerah/Sebagian Berawan,706,2908,3614
338,2011-12-04,Dingin,0,Desember,0,Minggu,0,Cerah/Sebagian Berawan,634,2851,3485
339,2011-12-05,Dingin,0,Desember,0,Senin,1,Berkabut/Berawan,233,3578,3811
340,2011-12-06,Dingin,0,Desember,0,Selasa,1,Salju Ringan/Hujan,126,2468,2594
341,2011-12-07,Dingin,0,Desember,0,Rabu,1,Salju Ringan/Hujan,50,655,705
342,2011-12-08,Dingin,0,Desember,0,Kamis,1,Cerah/Sebagian Berawan,150,3172,3322
343,2011-12-09,Dingin,0,Desember,0,Jumat,1,Cerah/Sebagian Berawan,261,3359,3620
344,2011-12-10,Dingin,0,Desember,0,Sabtu,0,Cerah/Sebagian Berawan,502,2688,3190
345,2011-12-11,Dingin,0,Desember,0,Minggu,0,Cerah/Sebagian Berawan,377,2366,2743
346,2011-12-12,Dingin,0,Desember,0,Senin,1,Cerah/Sebagian Berawan,143,3167,3310
347,2011-12-13,Dingin,0,Desember,0,Selasa,1,Cerah/Sebagian Berawan,155,3368,3523
348,2011-12-14,Dingin,0,Desember,0,Rabu,1,Berkabut/Berawan,178,3562,3740
349,2011-12-15,Dingin,0,Desember,0,Kamis,1,Berkabut/Berawan,181,3528,3709
350,2011-12-16,Dingin,0,Desember,0,Jumat,1,Berkabut/Berawan,178,3399,3577
351,2011-12-17,Dingin,0,Desember,0,Sabtu,0,Berkabut/Berawan,275,2464,2739
352,2011-12-18,Dingin,0,Desember,0,Minggu,0,Cerah/Sebagian Berawan,220,2211,2431
353,2011-12-19,Dingin,0,Desember,0,Senin,1,Cerah/Sebagian Berawan,260,3143,3403
354,2011-12-20,Dingin,0,Desember,0,Selasa,1,Berkabut/Berawan,216,3534,3750
355,2011-12-21,Panas,0,Desember,0,Rabu,1,Berkabut/Berawan,107,2553,2660
356,2011-12-22,Panas,0,Desember,0,Kamis,1,Berkabut/Berawan,227,2841,3068
357,2011-12-23,Panas,0,Desember,0,Jumat,1,Cerah/Sebagian Berawan,163,2046,2209
358,2011-12-24,Panas,0,Desember,0,Sabtu,0,Cerah/Sebagian Berawan,155,856,1011
359,2011-12-25,Panas,0,Desember,0,Minggu,0,Cerah/Sebagian Berawan,303,451,754
360,2011-12-26,Panas,0,Desember,1,Senin,0,Cerah/Sebagian Berawan,430,887,1317
361,2011-12-27,Panas,0,Desember,0,Selasa,1,Berkabut/Berawan,103,1059,1162
362,2011-12-28,Panas,0,Desember,0,Rabu,1,Cerah/Sebagian Berawan,255,2047,2302
363,2011-12-29,Panas,0,Desember,0,Kamis,1,Cerah/Sebagian Berawan,254,2169,2423
364,2011-12-30,Panas,0,Desember,0,Jumat,1,Cerah/Sebagian Berawan,491,2508,2999
365,2011-12-31,Panas,0,Desember,0,Sabtu,0,Cerah/Sebagian Berawan,665,1820,2485
366,2012-01-01,Panas,1,Januari,0,Minggu,0,Cerah/Sebagian Berawan,686,1608,2294
367,2012-01-02,Panas,1,Januari,1,Senin,0,Cerah/Sebagian Berawan,244,1707,1951
368,2012-01-03,Panas,1,Januari,0,Selasa,1,Cerah/Sebagian Berawan,89,2147,2236
369,2012-01-04,Panas,1,Januari,0,Rabu,1,Berkabut/Berawan,95,2273,2368
370,2012-01-05,Panas,1,Januari,0,Kamis,1,Cerah/Sebagian Berawan,140,3132,3272
371,2012-01-06,Panas,1,Januari,0,Jumat,1,Cerah/Sebagian Berawan,307,3791,4098
372,2012-01-07,Panas,1,Januari,0,Sabtu,0,Cerah/Sebagian Berawan,1070,3451,4521
373,2012-01-08,Panas,1,Januari,0,Minggu,0,Cerah/Sebagian Berawan,599,2826,3425
374,2012-01-09,Panas,1,Januari,0,Senin,1,Berkabut/Berawan,106,2270,2376
375,2012-01-10,Panas,1,Januari,0,Selasa,1,Cerah/Sebagian Berawan,173,3425,3598
376,2012-01-11,Panas,1,Januari,0,Rabu,1,Berkabut/Berawan,92,2085,2177
377,2012-01-12,Panas,1,Januari,0,Kamis,1,Berkabut/Berawan,269,3828,4097
378,2012-01-13,Panas,1,Januari,0,Jumat,1,Cerah/Sebagian Berawan,174,3040,3214
379,2012-01-14,Panas,1,Januari,0,Sabtu,0,Cerah/Sebagian Berawan,333,2160,2493
380,2012-01-15,Panas,1,Januari,0,Minggu,0,Cerah/Sebagian Berawan,284,2027,2311
381,2012-01-16,Panas,1,Januari,1,Senin,0,Cerah/Sebagian Berawan,217,2081,2298
382,2012-01-17,Panas,1,Januari,0,Selasa,1,Berkabut/Berawan,127,2808,2935
383,2012-01-18,Panas,1,Januari,0,Rabu,1,Cerah/Sebagian Berawan,109,3267,3376
384,2012-01-19,Panas,1,Januari,0,Kamis,1,Cerah/Sebagian Berawan,130,3162,3292
385,2012-01-20,Panas,1,Januari,0,Jumat,1,Berkabut/Berawan,115,3048,3163
386,2012-01-21,Panas,1,Januari,0,Sabtu,0,Berkabut/Berawan,67,1234,1301
387,2012-01-22,Panas,1,Januari,0,Minggu,0,Berkabut/Berawan,196,1781,1977
388,2012-01-23,Panas,1,Januari,0,Senin,1,Berkabut/Berawan,145,2287,2432
389,2012-01-24,Panas,1,Januari,0,Selasa,1,Cerah/Sebagian Berawan,439,3900,4339
390,2012-01-25,Panas,1,Januari,0,Rabu,1,Cerah/Sebagian Berawan,467,3803,4270
391,2012-01-26,Panas,1,Januari,0,Kamis,1,Berkabut/Berawan,244,3831,4075
392,2012-01-27,Panas,1,Januari,0,Jumat,1,Berkabut/Berawan,269,3187,3456
393,2012-01-28,Panas,1,Januari,0,Sabtu,0,Cerah/Sebagian Berawan,775,3248,4023
394,2012-01-29,Panas,1,Januari,0,Minggu,0,Cerah/Sebagian Berawan,558,2685,3243
395,2012-01-30,Panas,1,Januari,0,Senin,1,Cerah/Sebagian Berawan,126,3498,3624
396,2012-01-31,Panas,1,Januari,0,Selasa,1,Cerah/Sebagian Berawan,324,4185,4509
397,2012-02-01,Panas,1,Februari,0,Rabu,1,Cerah/Sebagian Berawan,304,4275,4579
398,2012-02-02,Panas,1,Februari,0,Kamis,1,Berkabut/Berawan,190,3571,3761
399,2012-02-03,Panas,1,Februari,0,Jumat,1,Cerah/Sebagian Berawan,310,3841,4151
400,2012-02-04,Panas,1,Februari,0,Sabtu,0,Berkabut/Berawan,384,2448,2832
401,2012-02-05,Panas,1,Februari,0,Minggu,0,Berkabut/Berawan,318,2629,2947
402,2012-02-06,Panas,1,Februari,0,Senin,1,Cerah/Sebagian Berawan,206,3578,3784
403,2012-02-07,Panas,1,Februari,0,Selasa,1,Cerah/Sebagian Berawan,199,4176,4375
404,2012-02-08,Panas,1,Februari,0,Rabu,1,Berkabut/Berawan,109,2693,2802
405,2012-02-09,Panas,1,Februari,0,Kamis,1,Cerah/Sebagian Berawan,163,3667,3830
406,2012-02-10,Panas,1,Februari,0,Jumat,1,Berkabut/Berawan,227,3604,3831
407,2012-02-11,Panas,1,Februari,0,Sabtu,0,Salju Ringan/Hujan,192,1977,2169
408,2012-02-12,Panas,1,Februari,0,Minggu,0,Cerah/Sebagian Berawan,73,1456,1529
409,2012-02-13,Panas,1,Februari,0,Senin,1,Cerah/Sebagian Berawan,94,3328,3422
410,2012-02-14,Panas,1,Februari,0,Selasa,1,Berkabut/Berawan,135,3787,3922
411,2012-02-15,Panas,1,Februari,0,Rabu,1,Cerah/Sebagian Berawan,141,4028,4169
412,2012-02-16,Panas,1,Februari,0,Kamis,1,Berkabut/Berawan,74,2931,3005
413,2012-02-17,Panas,1,Februari,0,Jumat,1,Cerah/Sebagian Berawan,349,3805,4154
414,2012-02-18,Panas,1,Februari,0,Sabtu,0,Cerah/Sebagian Berawan,1435,2883,4318
415,2012-02-19,Panas,1,Februari,0,Minggu,0,Berkabut/Berawan,618,2071,2689
416,2012-02-20,Panas,1,Februari,1,Senin,0,Cerah/Sebagian Berawan,502,2627,3129
417,2012-02-21,Panas,1,Februari,0,Selasa,1,Cerah/Sebagian Berawan,163,3614,3777
418,2012-02-22,Panas,1,Februari,0,Rabu,1,Cerah/Sebagian Berawan,394,4379,4773
419,2012-02-23,Panas,1,Februari,0,Kamis,1,Cerah/Sebagian Berawan,516,4546,5062
420,2012-02-24,Panas,1,Februari,0,Jumat,1,Berkabut/Berawan,246,3241,3487
421,2012-02-25,Panas,1,Februari,0,Sabtu,0,Cerah/Sebagian Berawan,317,2415,2732
422,2012-02-26,Panas,1,Februari,0,Minggu,0,Cerah/Sebagian Berawan,515,2874,3389
423,2012-02-27,Panas,1,Februari,0,Senin,1,Cerah/Sebagian Berawan,253,4069,4322
424,2012-02-28,Panas,1,Februari,0,Selasa,1,Cerah/Sebagian Berawan,229,4134,4363
425,2012-02-29,Panas,1,Februari,0,Rabu,1,Berkabut/Berawan,65,1769,1834
426,2012-03-01,Panas,1,Maret,0,Kamis,1,Cerah/Sebagian Berawan,325,4665,4990
427,2012-03-02,Panas,1,Maret,0,Jumat,1,Berkabut/Berawan,246,2948,3194
428,2012-03-03,Panas,1,Maret,0,Sabtu,0,Berkabut/Berawan,956,3110,4066
429,2012-03-04,Panas,1,Maret,0,Minggu,0,Cerah/Sebagian Berawan,710,2713,3423
430,2012-03-05,Panas,1,Maret,0,Senin,1,Cerah/Sebagian Berawan,203,3130,3333
431,2012-03-06,Panas,1,Maret,0,Selasa,1,Cerah/Sebagian Berawan,221,3735,3956
432,2012-03-07,Panas,1,Maret,0,Rabu,1,Cerah/Sebagian Berawan,432,4484,4916
433,2012-03-08,Panas,1,Maret,0,Kamis,1,Cerah/Sebagian Berawan,486,4896,5382
434,2012-03-09,Panas,1,Maret,0,Jumat,1,Berkabut/Berawan,447,4122,4569
435,2012-03-10,Panas,1,Maret,0,Sabtu,0,Cerah/Sebagian Berawan,968,3150,4118
436,2012-03-11,Panas,1,Maret,0,Minggu,0,Cerah/Sebagian Berawan,1658,3253,4911
437,2012-03-12,Panas,1,Maret,0,Senin,1,Cerah/Sebagian Berawan,838,4460,5298
438,2012-03-13,Panas,1,Maret,0,Selasa,1,Cerah/Sebagian Berawan,762,5085,5847
439,2012-03-14,Panas,1,Maret,0,Rabu,1,Cerah/Sebagian Berawan,997,5315,6312
440,2012-03-15,Panas,1,Maret,0,Kamis,1,Cerah/Sebagian Berawan,1005,5187,6192
441,2012-03-16,Panas,1,Maret,0,Jumat,1,Berkabut/Berawan,548,3830,4378
442,2012-03-17,Panas,1,Maret,0,Sabtu,0,Berkabut/Berawan,3155,4681,7836
443,2012-03-18,Panas,1,Maret,0,Minggu,0,Berkabut/Berawan,2207,3685,5892
444,2012-03-19,Panas,1,Maret,0,Senin,1,Cerah/Sebagian Berawan,982,5171,6153
445,2012-03-20,Panas,1,Maret,0,Selasa,1,Cerah/Sebagian Berawan,1051,5042,6093
446,2012-03-21,Semi,1,Maret,0,Rabu,1,Berkabut/Berawan,1122,5108,6230
447,2012-03-22,Semi,1,Maret,0,Kamis,1,Cerah/Sebagian Berawan,1334,5537,6871
448,2012-03-23,Semi,1,Maret,0,Jumat,1,Berkabut/Berawan,2469,5893,8362
449,2012-03-24,Semi,1,Maret,0,Sabtu,0,Berkabut/Berawan,1033,2339,3372
450,2012-03-25,Semi,1,Maret,0,Minggu,0,Berkabut/Berawan,1532,3464,4996
451,2012-03-26,Semi,1,Maret,0,Senin,1,Cerah/Sebagian Berawan,795,4763,5558
452,2012-03-27,Semi,1,Maret,0,Selasa,1,Cerah/Sebagian Berawan,531,4571,5102
453,2012-03-28,Semi,1,Maret,0,Rabu,1,Cerah/Sebagian Berawan,674,5024,5698
454,2012-03-29,Semi,1,Maret,0,Kamis,1,Cerah/Sebagian Berawan,834,5299,6133
455,2012-03-30,Semi,1,Maret,0,Jumat,1,Berkabut/Berawan,796,4663,5459
456,2012-03-31,Semi,1,Maret,0,Sabtu,0,Berkabut/Berawan,2301,3934,6235
457,2012-04-01,Semi,1,April,0,Minggu,0,Berkabut/Berawan,2347,3694,6041
458,2012-04-02,Semi,1,April,0,Senin,1,Cerah/Sebagian Berawan,1208,4728,5936
459,2012-04-03,Semi,1,April,0,Selasa,1,Cerah/Sebagian Berawan,1348,5424,6772
460,2012-04-04,Semi,1,April,0,Rabu,1,Cerah/Sebagian Berawan,1058,5378,6436
461,2012-04-05,Semi,1,April,0,Kamis,1,Cerah/Sebagian Berawan,1192,5265,6457
462,2012-04-06,Semi,1,April,0,Jumat,1,Cerah/Sebagian Berawan,1807,4653,6460
463,2012-04-07,Semi,1,April,0,Sabtu,0,Cerah/Sebagian Berawan,3252,3605,6857
464,2012-04-08,Semi,1,April,0,Minggu,0,Cerah/Sebagian Berawan,2230,2939,5169
465,2012-04-09,Semi,1,April,0,Senin,1,Cerah/Sebagian Berawan,905,4680,5585
466,2012-04-10,Semi,1,April,0,Selasa,1,Cerah/Sebagian Berawan,819,5099,5918
467,2012-04-11,Semi,1,April,0,Rabu,1,Cerah/Sebagian Berawan,482,4380,4862
468,2012-04-12,Semi,1,April,0,Kamis,1,Cerah/Sebagian Berawan,663,4746,5409
469,2012-04-13,Semi,1,April,0,Jumat,1,Cerah/Sebagian Berawan,1252,5146,6398
470,2012-04-14,Semi,1,April,0,Sabtu,0,Cerah/Sebagian Berawan,2795,4665,7460
471,2012-04-15,Semi,1,April,0,Minggu,0,Cerah/Sebagian Berawan,2846,4286,7132
472,2012-04-16,Semi,1,April,1,Senin,0,Cerah/Sebagian Berawan,1198,5172,6370
473,2012-04-17,Semi,1,April,0,Selasa,1,Cerah/Sebagian Berawan,989,5702,6691
474,2012-04-18,Semi,1,April,0,Rabu,1,Berkabut/Berawan,347,4020,4367
475,2012-04-19,Semi,1,April,0,Kamis,1,Cerah/Sebagian Berawan,846,5719,6565
476,2012-04-20,Semi,1,April,0,Jumat,1,Cerah/Sebagian Berawan,1340,5950,7290
477,2012-04-21,Semi,1,April,0,Sabtu,0,Cerah/Sebagian Berawan,2541,4083,6624
478,2012-04-22,Semi,1,April,0,Minggu,0,Salju Ringan/Hujan,120,907,1027
479,2012-04-23,Semi,1,April,0,Senin,1,Berkabut/Berawan,195,3019,3214
480,2012-04-24,Semi,1,April,0,Selasa,1,Cerah/Sebagian Berawan,518,5115,5633
481,2012-04-25,Semi,1,April,0,Rabu,1,Cerah/Sebagian Berawan,655,5541,6196
482,2012-04-26,Semi,1,April,0,Kamis,1,Berkabut/Berawan,475,4551,5026
483,2012-04-27,Semi,1,April,0,Jumat,1,Cerah/Sebagian Berawan,1014,5219,6233
484,2012-04-28,Semi,1,April,0,Sabtu,0,Berkabut/Berawan,1120,3100,4220
485,2012-04-29,Semi,1,April,0,Minggu,0,Cerah/Sebagian Berawan,2229,4075,6304
486,2012-04-30,Semi,1,April,0,Senin,1,Berkabut/Berawan,665,4907,5572
487,2012-05-01,Semi,1,Mei,0,Selasa,1,Berkabut/Berawan,653,5087,5740
488,2012-05-02,Semi,1,Mei,0,Rabu,1,Cerah/Sebagian Berawan,667,5502,6169
489,2012-05-03,Semi,1,Mei,0,Kamis,1,Berkabut/Berawan,764,5657,6421
490,2012-05-04,Semi,1,Mei,0,Jumat,1,Cerah/Sebagian Berawan,1069,5227,6296
491,2012-05-05,Semi,1,Mei,0,Sabtu,0,Berkabut/Berawan,2496,4387,6883
492,2012-05-06,Semi,1,Mei,0,Minggu,0,Berkabut/Berawan,2135,4224,6359
493,2012-05-07,Semi,1,Mei,0,Senin,1,Berkabut/Berawan,1008,5265,6273
494,2012-05-08,Semi,1,Mei,0,Selasa,1,Berkabut/Berawan,738,4990,5728
495,2012-05-09,Semi,1,Mei,0,Rabu,1,Berkabut/Berawan,620,4097,4717
496,2012-05-10,Semi,1,Mei,0,Kamis,1,Cerah/Sebagian Berawan,1026,5546,6572
497,2012-05-11,Semi,1,Mei,0,Jumat,1,Cerah/Sebagian Berawan,1319,5711,7030
498,2012-05-12,Semi,1,Mei,0,Sabtu,0,Cerah/Sebagian Berawan,2622,4807,7429
499,2012-05-13,Semi,1,Mei,0,Minggu,0,Cerah/Sebagian Berawan,2172,3946,6118
500,2012-05-14,Semi,1,Mei,0,Senin,1,Berkabut/Berawan,342,2501,2843
501,2012-05-15,Semi,1,Mei,0,Selasa,1,Berkabut/Berawan,625,4490,5115
502,2012-05-16,Semi,1,Mei,0,Rabu,1,Cerah/Sebagian Berawan,991,6433,7424
503,2012-05-17,Semi,1,Mei,0,Kamis,1,Cerah/Sebagian Berawan,1242,6142,7384
504,2012-05-18,Semi,1,Mei,0,Jumat,1,Cerah/Sebagian Berawan,1521,6118,7639
505,2012-05-19,Semi,1,Mei,0,Sabtu,0,Cerah/Sebagian Berawan,3410,4884,8294
506,2012-05-20,Semi,1,Mei,0,Minggu,0,Cerah/Sebagian Berawan,2704,4425,7129
507,2012-05-21,Semi,1,Mei,0,Senin,1,Berkabut/Berawan,630,3729,4359
508,2012-05-22,Semi,1,Mei,0,Selasa,1,Berkabut/Berawan,819,5254,6073
509,2012-05-23,Semi,1,Mei,0,Rabu,1,Berkabut/Berawan,766,4494,5260
510,2012-05-24,Semi,1,Mei,0,Kamis,1,Cerah/Sebagian Berawan,1059,5711,6770
511,2012-05-25,Semi,1,Mei,0,Jumat,1,Cerah/Sebagian Berawan,1417,5317,6734
512,2012-05-26,Semi,1,Mei,0,Sabtu,0,Cerah/Sebagian Berawan,2855,3681,6536
513,2012-05-27,Semi,1,Mei,0,Minggu,0,Cerah/Sebagian Berawan,3283,3308,6591
514,2012-05-28,Semi,1,Mei,1,Senin,0,Cerah/Sebagian Berawan,2557,3486,6043
515,2012-05-29,Semi,1,Mei,0,Selasa,1,Cerah/Sebagian Berawan,880,4863,5743
516,2012-05-30,Semi,1,Mei,0,Rabu,1,Berkabut/Berawan,745,6110,6855
517,2012-05-31,Semi,1,Mei,0,Kamis,1,Cerah/Sebagian Berawan,1100,6238,7338
518,2012-06-01,Semi,1,Juni,0,Jumat,1,Berkabut/Berawan,533,3594,4127
519,2012-06-02,Semi,1,Juni,0,Sabtu,0,Cerah/Sebagian Berawan,2795,5325,8120
520,2012-06-03,Semi,1,Juni,0,Minggu,0,Cerah/Sebagian Berawan,2494,5147,7641
521,2012-06-04,Semi,1,Juni,0,Senin,1,Cerah/Sebagian Berawan,1071,5927,6998
522,2012-06-05,Semi,1,Juni,0,Selasa,1,Berkabut/Berawan,968,6033,7001
523,2012-06-06,Semi,1,Juni,0,Rabu,1,Cerah/Sebagian Berawan,1027,6028,7055
524,2012-06-07,Semi,1,Juni,0,Kamis,1,Cerah/Sebagian Berawan,1038,6456,7494
525,2012-06-08,Semi,1,Juni,0,Jumat,1,Cerah/Sebagian Berawan,1488,6248,7736
526,2012-06-09,Semi,1,Juni,0,Sabtu,0,Cerah/Sebagian Berawan,2708,4790,7498
527,2012-06-10,Semi,1,Juni,0,Minggu,0,Cerah/Sebagian Berawan,2224,4374,6598
528,2012-06-11,Semi,1,Juni,0,Senin,1,Berkabut/Berawan,1017,5647,6664
529,2012-06-12,Semi,1,Juni,0,Selasa,1,Berkabut/Berawan,477,4495,4972
530,2012-06-13,Semi,1,Juni,0,Rabu,1,Cerah/Sebagian Berawan,1173,6248,7421
531,2012-06-14,Semi,1,Juni,0,Kamis,1,Cerah/Sebagian Berawan,1180,6183,7363
532,2012-06-15,Semi,1,Juni,0,Jumat,1,Cerah/Sebagian Berawan,1563,6102,7665
533,2012-06-16,Semi,1,Juni,0,Sabtu,0,Cerah/Sebagian Berawan,2963,4739,7702
534,2012-06-17,Semi,1,Juni,0,Minggu,0,Cerah/Sebagian Berawan,2634,4344,6978
535,2012-06-18,Semi,1,Juni,0,Senin,1,Berkabut/Berawan,653,4446,5099
536,2012-06-19,Semi,1,Juni,0,Selasa,1,Cerah/Sebagian Berawan,968,5857,6825
537,2012-06-20,Semi,1,Juni,0,Rabu,1,Cerah/Sebagian Berawan,872,5339,6211
538,2012-06-21,Gugur,1,Juni,0,Kamis,1,Cerah/Sebagian Berawan,778,5127,5905
539,2012-06-22,Gugur,1,Juni,0,Jumat,1,Cerah/Sebagian Berawan,964,4859,5823
540,2012-06-23,Gugur,1,Juni,0,Sabtu,0,Cerah/Sebagian Berawan,2657,4801,7458
541,2012-06-24,Gugur,1,Juni,0,Minggu,0,Cerah/Sebagian Berawan,2551,4340,6891
542,2012-06-25,Gugur,1,Juni,0,Senin,1,Cerah/Sebagian Berawan,1139,5640,6779
543,2012-06-26,Gugur,1,Juni,0,Selasa,1,Cerah/Sebagian Berawan,1077,6365,7442
544,2012-06-27,Gugur,1,Juni,0,Rabu,1,Cerah/Sebagian Berawan,1077,6258,7335
545,2012-06-28,Gugur,1,Juni,0,Kamis,1,Cerah/Sebagian Berawan,921,5958,6879
546,2012-06-29,Gugur,1,Juni,0,Jumat,1,Cerah/Sebagian Berawan,829,4634,5463
547,2012-06-30,Gugur,1,Juni,0,Sabtu,0,Cerah/Sebagian Berawan,1455,4232,5687
548,2012-07-01,Gugur,1,Juli,0,Minggu,0,Cerah/Sebagian Berawan,1421,4110,5531
549,2012-07-02,Gugur,1,Juli,0,Senin,1,Cerah/Sebagian Berawan,904,5323,6227
550,2012-07-03,Gugur,1,Juli,0,Selasa,1,Cerah/Sebagian Berawan,1052,5608,6660
551,2012-07-04,Gugur,1,Juli,1,Rabu,0,Cerah/Sebagian Berawan,2562,4841,7403
552,2012-07-05,Gugur,1,Juli,0,Kamis,1,Cerah/Sebagian Berawan,1405,4836,6241
553,2012-07-06,Gugur,1,Juli,0,Jumat,1,Cerah/Sebagian Berawan,1366,4841,6207
554,2012-07-07,Gugur,1,Juli,0,Sabtu,0,Cerah/Sebagian Berawan,1448,3392,4840
555,2012-07-08,Gugur,1,Juli,0,Minggu,0,Cerah/Sebagian Berawan,1203,3469,4672
556,2012-07-09,Gugur,1,Juli,0,Senin,1,Berkabut/Berawan,998,5571,6569
557,2012-07-10,Gugur,1,Juli,0,Selasa,1,Berkabut/Berawan,954,5336,6290
558,2012-07-11,Gugur,1,Juli,0,Rabu,1,Cerah/Sebagian Berawan,975,6289,7264
559,2012-07-12,Gugur,1,Juli,0,Kamis,1,Cerah/Sebagian Berawan,1032,6414,7446
560,2012-07-13,Gugur,1,Juli,0,Jumat,1,Berkabut/Berawan,1511,5988,7499
561,2012-07-14,Gugur,1,Juli,0,Sabtu,0,Berkabut/Berawan,2355,4614,6969
562,2012-07-15,Gugur,1,Juli,0,Minggu,0,Cerah/Sebagian Berawan,1920,4111,6031
563,2012-07-16,Gugur,1,Juli,0,Senin,1,Cerah/Sebagian Berawan,1088,5742,6830
564,2012-07-17,Gugur,1,Juli,0,Selasa,1,Cerah/Sebagian Berawan,921,5865,6786
565,2012-07-18,Gugur,1,Juli,0,Rabu,1,Cerah/Sebagian Berawan,799,4914,5713
566,2012-07-19,Gugur,1,Juli,0,Kamis,1,Cerah/Sebagian Berawan,888,5703,6591
567,2012-07-20,Gugur,1,Juli,0,Jumat,1,Berkabut/Berawan,747,5123,5870
568,2012-07-21,Gugur,1,Juli,0,Sabtu,0,Salju Ringan/Hujan,1264,3195,4459
569,2012-07-22,Gugur,1,Juli,0,Minggu,0,Berkabut/Berawan,2544,4866,7410
570,2012-07-23,Gugur,1,Juli,0,Senin,1,Cerah/Sebagian Berawan,1135,5831,6966
571,2012-07-24,Gugur,1,Juli,0,Selasa,1,Cerah/Sebagian Berawan,1140,6452,7592
572,2012-07-25,Gugur,1,Juli,0,Rabu,1,Cerah/Sebagian Berawan,1383,6790,8173
573,2012-07-26,Gugur,1,Juli,0,Kamis,1,Cerah/Sebagian Berawan,1036,5825,6861
574,2012-07-27,Gugur,1,Juli,0,Jumat,1,Cerah/Sebagian Berawan,1259,5645,6904
575,2012-07-28,Gugur,1,Juli,0,Sabtu,0,Cerah/Sebagian Berawan,2234,4451,6685
576,2012-07-29,Gugur,1,Juli,0,Minggu,0,Cerah/Sebagian Berawan,2153,4444,6597
577,2012-07-30,Gugur,1,Juli,0,Senin,1,Cerah/Sebagian Berawan,1040,6065,7105
578,2012-07-31,Gugur,1,Juli,0,Selasa,1,Cerah/Sebagian Berawan,968,6248,7216
579,2012-08-01,Gugur,1,Agustus,0,Rabu,1,Cerah/Sebagian Berawan,1074,6506,7580
580,2012-08-02,Gugur,1,Agustus,0,Kamis,1,Cerah/Sebagian Berawan,983,6278,7261
581,2012-08-03,Gugur,1,Agustus,0,Jumat,1,Berkabut/Berawan,1328,5847,7175
582,2012-08-04,Gugur,1,Agustus,0,Sabtu,0,Cerah/Sebagian Berawan,2345,4479,6824
583,2012-08-05,Gugur,1,Agustus,0,Minggu,0,Cerah/Sebagian Berawan,1707,3757,5464
584,2012-08-06,Gugur,1,Agustus,0,Senin,1,Berkabut/Berawan,1233,5780,7013
585,2012-08-07,Gugur,1,Agustus,0,Selasa,1,Berkabut/Berawan,1278,5995,7273
586,2012-08-08,Gugur,1,Agustus,0,Rabu,1,Berkabut/Berawan,1263,6271,7534
587,2012-08-09,Gugur,1,Agustus,0,Kamis,1,Cerah/Sebagian Berawan,1196,6090,7286
588,2012-08-10,Gugur,1,Agustus,0,Jumat,1,Berkabut/Berawan,1065,4721,5786
589,2012-08-11,Gugur,1,Agustus,0,Sabtu,0,Berkabut/Berawan,2247,4052,6299
590,2012-08-12,Gugur,1,Agustus,0,Minggu,0,Cerah/Sebagian Berawan,2182,4362,6544
591,2012-08-13,Gugur,1,Agustus,0,Senin,1,Cerah/Sebagian Berawan,1207,5676,6883
592,2012-08-14,Gugur,1,Agustus,0,Selasa,1,Cerah/Sebagian Berawan,1128,5656,6784
593,2012-08-15,Gugur,1,Agustus,0,Rabu,1,Cerah/Sebagian Berawan,1198,6149,7347
594,2012-08-16,Gugur,1,Agustus,0,Kamis,1,Cerah/Sebagian Berawan,1338,6267,7605
595,2012-08-17,Gugur,1,Agustus,0,Jumat,1,Cerah/Sebagian Berawan,1483,5665,7148
596,2012-08-18,Gugur,1,Agustus,0,Sabtu,0,Cerah/Sebagian Berawan,2827,5038,7865
597,2012-08-19,Gugur,1,Agustus,0,Minggu,0,Berkabut/Berawan,1208,3341,4549
598,2012-08-20,Gugur,1,Agustus,0,Senin,1,Berkabut/Berawan,1026,5504,6530
599,2012-08-21,Gugur,1,Agustus,0,Selasa,1,Cerah/Sebagian Berawan,1081,5925,7006
600,2012-08-22,Gugur,1,Agustus,0,Rabu,1,Cerah/Sebagian Berawan,1094,6281,7375
601,2012-08-23,Gugur,1,Agustus,0,Kamis,1,Cerah/Sebagian Berawan,1363,6402,7765
602,2012-08-24,Gugur,1,Agustus,0,Jumat,1,Berkabut/Berawan,1325,6257,7582
603,2012-08-25,Gugur,1,Agustus,0,Sabtu,0,Berkabut/Berawan,1829,4224,6053
604,2012-08-26,Gugur,1,Agustus,0,Minggu,0,Berkabut/Berawan,1483,3772,5255
605,2012-08-27,Gugur,1,Agustus,0,Senin,1,Cerah/Sebagian Berawan,989,5928,6917
606,2012-08-28,Gugur,1,Agustus,0,Selasa,1,Cerah/Sebagian Berawan,935,6105,7040
607,2012-08-29,Gugur,1,Agustus,0,Rabu,1,Cerah/Sebagian Berawan,1177,6520,7697
608,2012-08-30,Gugur,1,Agustus,0,Kamis,1,Cerah/Sebagian Berawan,1172,6541,7713
609,2012-08-31,Gugur,1,Agustus,0,Jumat,1,Cerah/Sebagian Berawan,1433,5917,7350
610,2012-09-01,Gugur,1,September,0,Sabtu,0,Berkabut/Berawan,2352,3788,6140
611,2012-09-02,Gugur,1,September,0,Minggu,0,Berkabut/Berawan,2613,3197,5810
612,2012-09-03,Gugur,1,September,1,Senin,0,Cerah/Sebagian Berawan,1965,4069,6034
613,2012-09-04,Gugur,1,September,0,Selasa,1,Cerah/Sebagian Berawan,867,5997,6864
614,2012-09-05,Gugur,1,September,0,Rabu,1,Cerah/Sebagian Berawan,832,6280,7112
615,2012-09-06,Gugur,1,September,0,Kamis,1,Berkabut/Berawan,611,5592,6203
616,2012-09-07,Gugur,1,September,0,Jumat,1,Cerah/Sebagian Berawan,1045,6459,7504
617,2012-09-08,Gugur,1,September,0,Sabtu,0,Berkabut/Berawan,1557,4419,5976
618,2012-09-09,Gugur,1,September,0,Minggu,0,Cerah/Sebagian Berawan,2570,5657,8227
619,2012-09-10,Gugur,1,September,0,Senin,1,Cerah/Sebagian Berawan,1118,6407,7525
620,2012-09-11,Gugur,1,September,0,Selasa,1,Cerah/Sebagian Berawan,1070,6697,7767
621,2012-09-12,Gugur,1,September,0,Rabu,1,Cerah/Sebagian Berawan,1050,6820,7870
622,2012-09-13,Gugur,1,September,0,Kamis,1,Cerah/Sebagian Berawan,1054,6750,7804
623,2012-09-14,Gugur,1,September,0,Jumat,1,Cerah/Sebagian Berawan,1379,6630,8009
624,2012-09-15,Gugur,1,September,0,Sabtu,0,Cerah/Sebagian Berawan,3160,5554,8714
625,2012-09-16,Gugur,1,September,0,Minggu,0,Cerah/Sebagian Berawan,2166,5167,7333
626,2012-09-17,Gugur,1,September,0,Senin,1,Berkabut/Berawan,1022,5847,6869
627,2012-09-18,Gugur,1,September,0,Selasa,1,Berkabut/Berawan,371,3702,4073
628,2012-09-19,Gugur,1,September,0,Rabu,1,Cerah/Sebagian Berawan,788,6803,7591
629,2012-09-20,Gugur,1,September,0,Kamis,1,Cerah/Sebagian Berawan,939,6781,7720
630,2012-09-21,Gugur,1,September,0,Jumat,1,Cerah/Sebagian Berawan,1250,6917,8167
631,2012-09-22,Gugur,1,September,0,Sabtu,0,Cerah/Sebagian Berawan,2512,5883,8395
632,2012-09-23,Dingin,1,September,0,Minggu,0,Cerah/Sebagian Berawan,2454,5453,7907
633,2012-09-24,Dingin,1,September,0,Senin,1,Cerah/Sebagian Berawan,1001,6435,7436
634,2012-09-25,Dingin,1,September,0,Selasa,1,Cerah/Sebagian Berawan,845,6693,7538
635,2012-09-26,Dingin,1,September,0,Rabu,1,Cerah/Sebagian Berawan,787,6946,7733
636,2012-09-27,Dingin,1,September,0,Kamis,1,Berkabut/Berawan,751,6642,7393
637,2012-09-28,Dingin,1,September,0,Jumat,1,Berkabut/Berawan,1045,6370,7415
638,2012-09-29,Dingin,1,September,0,Sabtu,0,Cerah/Sebagian Berawan,2589,5966,8555
639,2012-09-30,Dingin,1,September,0,Minggu,0,Cerah/Sebagian Berawan,2015,4874,6889
640,2012-10-01,Dingin,1,Oktober,0,Senin,1,Berkabut/Berawan,763,6015,6778
641,2012-10-02,Dingin,1,Oktober,0,Selasa,1,Salju Ringan/Hujan,315,4324,4639
642,2012-10-03,Dingin,1,Oktober,0,Rabu,1,Berkabut/Berawan,728,6844,7572
643,2012-10-04,Dingin,1,Oktober,0,Kamis,1,Berkabut/Berawan,891,6437,7328
644,2012-10-05,Dingin,1,Oktober,0,Jumat,1,Cerah/Sebagian Berawan,1516,6640,8156
645,2012-10-06,Dingin,1,Oktober,0,Sabtu,0,Cerah/Sebagian Berawan,3031,4934,7965
646,2012-10-07,Dingin,1,Oktober,0,Minggu,0,Berkabut/Berawan,781,2729,3510
647,2012-10-08,Dingin,1,Oktober,1,Senin,0,Berkabut/Berawan,874,4604,5478
648,2012-10-09,Dingin,1,Oktober,0,Selasa,1,Berkabut/Berawan,601,5791,6392
649,2012-10-10,Dingin,1,Oktober,0,Rabu,1,Cerah/Sebagian Berawan,780,6911,7691
650,2012-10-11,Dingin,1,Oktober,0,Kamis,1,Cerah/Sebagian Berawan,834,6736,7570
651,2012-10-12,Dingin,1,Oktober,0,Jumat,1,Cerah/Sebagian Berawan,1060,6222,7282
652,2012-10-13,Dingin,1,Oktober,0,Sabtu,0,Cerah/Sebagian Berawan,2252,4857,7109
653,2012-10-14,Dingin,1,Oktober,0,Minggu,0,Cerah/Sebagian Berawan,2080,4559,6639
654,2012-10-15,Dingin,1,Oktober,0,Senin,1,Berkabut/Berawan,760,5115,5875
655,2012-10-16,Dingin,1,Oktober,0,Selasa,1,Cerah/Sebagian Berawan,922,6612,7534
656,2012-10-17,Dingin,1,Oktober,0,Rabu,1,Cerah/Sebagian Berawan,979,6482,7461
657,2012-10-18,Dingin,1,Oktober,0,Kamis,1,Berkabut/Berawan,1008,6501,7509
658,2012-10-19,Dingin,1,Oktober,0,Jumat,1,Berkabut/Berawan,753,4671,5424
659,2012-10-20,Dingin,1,Oktober,0,Sabtu,0,Cerah/Sebagian Berawan,2806,5284,8090
660,2012-10-21,Dingin,1,Oktober,0,Minggu,0,Cerah/Sebagian Berawan,2132,4692,6824
661,2012-10-22,Dingin,1,Oktober,0,Senin,1,Cerah/Sebagian Berawan,830,6228,7058
662,2012-10-23,Dingin,1,Oktober,0,Selasa,1,Cerah/Sebagian Berawan,841,6625,7466
663,2012-10-24,Dingin,1,Oktober,0,Rabu,1,Cerah/Sebagian Berawan,795,6898,7693
664,2012-10-25,Dingin,1,Oktober,0,Kamis,1,Berkabut/Berawan,875,6484,7359
665,2012-10-26,Dingin,1,Oktober,0,Jumat,1,Berkabut/Berawan,1182,6262,7444
666,2012-10-27,Dingin,1,Oktober,0,Sabtu,0,Berkabut/Berawan,2643,5209,7852
667,2012-10-28,Dingin,1,Oktober,0,Minggu,0,Berkabut/Berawan,998,3461,4459
668,2012-10-29,Dingin,1,Oktober,0,Senin,1,Salju Ringan/Hujan,2,20,22
669,2012-10-30,Dingin,1,Oktober,0,Selasa,1,Berkabut/Berawan,87,1009,1096
670,2012-10-31,Dingin,1,Oktober,0,Rabu,1,Berkabut/Berawan,419,5147,5566
671,2012-11-01,Dingin,1,November,0,Kamis,1,Berkabut/Berawan,466,5520,5986
672,2012-11-02,Dingin,1,November,0,Jumat,1,Cerah/Sebagian Berawan,618,5229,5847
673,2012-11-03,Dingin,1,November,0,Sabtu,0,Berkabut/Berawan,1029,4109,5138
674,2012-11-04,Dingin,1,November,0,Minggu,0,Cerah/Sebagian Berawan,1201,3906,5107
675,2012-11-05,Dingin,1,November,0,Senin,1,Cerah/Sebagian Berawan,378,4881,5259
676,2012-11-06,Dingin,1,November,0,Selasa,1,Cerah/Sebagian Berawan,466,5220,5686
677,2012-11-07,Dingin,1,November,0,Rabu,1,Berkabut/Berawan,326,4709,5035
678,2012-11-08,Dingin,1,November,0,Kamis,1,Cerah/Sebagian Berawan,340,4975,5315
679,2012-11-09,Dingin,1,November,0,Jumat,1,Cerah/Sebagian Berawan,709,5283,5992
680,2012-11-10,Dingin,1,November,0,Sabtu,0,Cerah/Sebagian Berawan,2090,4446,6536
681,2012-11-11,Dingin,1,November,0,Minggu,0,Cerah/Sebagian Berawan,2290,4562,6852
682,2012-11-12,Dingin,1,November,1,Senin,0,Cerah/Sebagian Berawan,1097,5172,6269
683,2012-11-13,Dingin,1,November,0,Selasa,1,Berkabut/Berawan,327,3767,4094
684,2012-11-14,Dingin,1,November,0,Rabu,1,Cerah/Sebagian Berawan,373,5122,5495
685,2012-11-15,Dingin,1,November,0,Kamis,1,Berkabut/Berawan,320,5125,5445
686,2012-11-16,Dingin,1,November,0,Jumat,1,Cerah/Sebagian Berawan,484,5214,5698
687,2012-11-17,Dingin,1,November,0,Sabtu,0,Cerah/Sebagian Berawan,1313,4316,5629
688,2012-11-18,Dingin,1,November,0,Minggu,0,Cerah/Sebagian Berawan,922,3747,4669
689,2012-11-19,Dingin,1,November,0,Senin,1,Berkabut/Berawan,449,5050,5499
690,2012-11-20,Dingin,1,November,0,Selasa,1,Berkabut/Berawan,534,5100,5634
691,2012-11-21,Dingin,1,November,0,Rabu,1,Cerah/Sebagian Berawan,615,4531,5146
692,2012-11-22,Dingin,1,November,1,Kamis,0,Cerah/Sebagian Berawan,955,1470,2425
693,2012-11-23,Dingin,1,November,0,Jumat,1,Cerah/Sebagian Berawan,1603,2307,3910
694,2012-11-24,Dingin,1,November,0,Sabtu,0,Cerah/Sebagian Berawan,532,1745,2277
695,2012-11-25,Dingin,1,November,0,Minggu,0,Cerah/Sebagian Berawan,309,2115,2424
696,2012-11-26,Dingin,1,November,0,Senin,1,Cerah/Sebagian Berawan,337,4750,5087
697,2012-11-27,Dingin,1,November,0,Selasa,1,Berkabut/Berawan,123,3836,3959
698,2012-11-28,Dingin,1,November,0,Rabu,1,Cerah/Sebagian Berawan,198,5062,5260
699,2012-11-29,Dingin,1,November,0,Kamis,1,Cerah/Sebagian Berawan,243,5080,5323
700,2012-11-30,Dingin,1,November,0,Jumat,1,Cerah/Sebagian Berawan,362,5306,5668
701,2012-12-01,Dingin,1,Desember,0,Sabtu,0,Berkabut/Berawan,951,4240,5191
702,2012-12-02,Dingin,1,Desember,0,Minggu,0,Berkabut/Berawan,892,3757,4649
703,2012-12-03,Dingin,1,Desember,0,Senin,1,Cerah/Sebagian Berawan,555,5679,6234
704,2012-12-04,Dingin,1,Desember,0,Selasa,1,Cerah/Sebagian Berawan,551,6055,6606
705,2012-12-05,Dingin,1,Desember,0,Rabu,1,Cerah/Sebagian Berawan,331,5398,5729
706,2012-12-06,Dingin,1,Desember,0,Kamis,1,Cerah/Sebagian Berawan,340,5035,5375
707,2012-12-07,Dingin,1,Desember,0,Jumat,1,Berkabut/Berawan,349,4659,5008
708,2012-12-08,Dingin,1,Desember,0,Sabtu,0,Berkabut/Berawan,1153,4429,5582
709,2012-12-09,Dingin,1,Desember,0,Minggu,0,Berkabut/Berawan,441,2787,3228
710,2012-12-10,Dingin,1,Desember,0,Senin,1,Berkabut/Berawan,329,4841,5170
711,2012-12-11,Dingin,1,Desember,0,Selasa,1,Berkabut/Berawan,282,5219,5501
712,2012-12-12,Dingin,1,Desember,0,Rabu,1,Berkabut/Berawan,310,5009,5319
713,2012-12-13,Dingin,1,Desember,0,Kamis,1,Cerah/Sebagian Berawan,425,5107,5532
714,2012-12-14,Dingin,1,Desember,0,Jumat,1,Cerah/Sebagian Berawan,429,5182,5611
715,2012-12-15,Dingin,1,Desember,0,Sabtu,0,Cerah/Sebagian Berawan,767,4280,5047
716,2012-12-16,Dingin,1,Desember,0,Minggu,0,Berkabut/Berawan,538,3248,3786
717,2012-12-17,Dingin,1,Desember,0,Senin,1,Berkabut/Berawan,212,4373,4585
718,2012-12-18,Dingin,1,Desember,0,Selasa,1,Cerah/Sebagian Berawan,433,5124,5557
719,2012-12-19,Dingin,1,Desember,0,Rabu,1,Cerah/Sebagian Berawan,333,4934,5267
720,2012-12-20,Dingin,1,Desember,0,Kamis,1,Berkabut/Berawan,314,3814,4128
721,2012-12-21,Panas,1,Desember,0,Jumat,1,Berkabut/Berawan,221,3402,3623
722,2012-12-22,Panas,1,Desember,0,Sabtu,0,Cerah/Sebagian Berawan,205,1544,1749
723,2012-12-23,Panas,1,Desember,0,Minggu,0,Cerah/Sebagian Berawan,408,1379,1787
724,2012-12-24,Panas,1,Desember,0,Senin,1,Berkabut/Berawan,174,746,920
725,2012-12-25,Panas,1,Desember,1,Selasa,0,Berkabut/Berawan,440,573,1013
726,2012-12-26,Panas,1,Desember,0,Rabu,1,Salju Ringan/Hujan,9,432,441
727,2012-12-27,Panas,1,Desember,0,Kamis,1,Berkabut/Berawan,247,1867,2114
728,2012-12-28,Panas,1,Desember,0,Jumat,1,Berkabut/Berawan,644,2451,3095
729,2012-12-29,Panas,1,Desember,0,Sabtu,0,Berkabut/Berawan,159,1182,1341
730,2012-12-30,Panas,1,Desember,0,Minggu,0,Cerah/Sebagian Berawan,364,1432,1796
731,2012-12-31,Panas,1,Desember,0,Senin,1,Berkabut/Berawan,439,2290,2729
